Name,City,Country,IATA
Barter Island LRRS Airport,Barter Island,United States,BTI
Wainwright Air Station,Fort Wainwright,United States,\N
Cape Lisburne LRRS Airport,Cape Lisburne,United States,LUR
Point Lay LRRS Airport,Point Lay,United States,PIZ
Hilo International Airport,Hilo,United States,ITO
Orlando Executive Airport,Orlando,United States,ORL
Bettles Airport,Bettles,United States,BTT
Clear Airport,Clear Mews,United States,\N
Indian Mountain LRRS Airport,Indian Mountains,United States,UTO
Fort Yukon Airport,Fort Yukon,United States,FYU
Sparrevohn LRRS Airport,Sparrevohn,United States,SVW
Bryant Army Heliport,Fort Richardson,United States,FRN
Tatalina LRRS Airport,Tatalina,United States,TLJ
Cape Romanzof LRRS Airport,Cape Romanzof,United States,CZF
Laurence G Hanscom Field,Bedford,United States,BED
St Paul Island Airport,St. Paul Island,United States,SNP
Cape Newenham LRRS Airport,Cape Newenham,United States,EHM
St George Airport,Point Barrow,United States,STG
Iliamna Airport,Iliamna,United States,ILI
Platinum Airport,Port Moller,United States,PTU
Big Mountain Airport,Big Mountain,United States,BMX
Oscoda Wurtsmith Airport,Oscoda,United States,OSC
Marina Municipal Airport,Fort Ord,United States,OAR
Sacramento Mather Airport,Sacramento,United States,MHR
Bicycle Lake Army Air Field,Fort Irwin,United States,BYS
Twentynine Palms (Self) Airport,Twenty Nine Palms,United States,\N
Fort Smith Regional Airport,Fort Smith,United States,FSM
Merrill Field,Anchorage,United States,MRI
Grants-Milan Municipal Airport,Grants,United States,GNT
Ponca City Regional Airport,Ponca City,United States,PNC
Hunter Army Air Field,Hunter Aaf,United States,SVN
Grand Forks International Airport,Grand Forks,United States,GFK
"Pine Bluff Regional Airport, Grider Field",Pine Bluff,United States,PBF
Whiting Field Naval Air Station - North,Milton,United States,NSE
Hana Airport,Hana,United States,HNM
Ernest A. Love Field,Prescott,United States,PRC
Trenton Mercer Airport,Trenton,United States,TTN
General Edward Lawrence Logan International Airport,Boston,United States,BOS
Travis Air Force Base,Fairfield,United States,SUU
Griffiss International Airport,Rome,United States,RME
Wendover Airport,Wendover,United States,ENV
Mobile Downtown Airport,Mobile,United States,BFM
Metropolitan Oakland International Airport,Oakland,United States,OAK
Eppley Airfield,Omaha,United States,OMA
Port Angeles Cgas Airport,Port Angeles,United States,\N
Kahului Airport,Kahului,United States,OGG
Wichita Eisenhower National Airport,Wichita,United States,ICT
Kansas City International Airport,Kansas City,United States,MCI
Dane County Regional Truax Field,Madison,United States,MSN
Dillingham Airport,Dillingham,United States,DLG
Boone County Airport,Harrison,United States,HRO
Phoenix Sky Harbor International Airport,Phoenix,United States,PHX
Bangor International Airport,Bangor,United States,BGR
Fort Lauderdale Executive Airport,Fort Lauderdale,United States,FXE
East Texas Regional Airport,Longview,United States,GGG
Anderson Regional Airport,Andersen,United States,AND
Spokane International Airport,Spokane,United States,GEG
North Perry Airport,Hollywood,United States,HWO
San Francisco International Airport,San Francisco,United States,SFO
Cut Bank International Airport,Cutbank,United States,CTB
Acadiana Regional Airport,Louisiana,United States,ARA
Gainesville Regional Airport,Gainesville,United States,GNV
Memphis International Airport,Memphis,United States,MEM
Bisbee Douglas International Airport,Douglas,United States,DUG
Allen Army Airfield,Delta Junction,United States,BIG
TSTC Waco Airport,Waco,United States,CNW
Annette Island Airport,Annette Island,United States,ANN
Caribou Municipal Airport,Caribou,United States,CAR
Little Rock Air Force Base,Jacksonville,United States,LRF
Redstone Army Air Field,Redstone,United States,HUA
Pope Field,Fort Bragg,United States,POB
Dalhart Municipal Airport,Dalhart,United States,DHT
DLF Airport,Del Rio,United States,DLF
Los Angeles International Airport,Los Angeles,United States,LAX
Anniston Regional Airport,Anniston,United States,ANB
Cleveland Hopkins International Airport,Cleveland,United States,CLE
Dover Air Force Base,Dover,United States,DOV
Cincinnati Northern Kentucky International Airport,Cincinnati,United States,CVG
Tipton Airport,Fort Meade,United States,FME
China Lake Naws (Armitage Field) Airport,China Lake,United States,\N
Huron Regional Airport,Huron,United States,HON
Juneau International Airport,Juneau,United States,JNU
Lafayette Regional Airport,Lafayette,United States,LFT
Newark Liberty International Airport,Newark,United States,EWR
Boise Air Terminal/Gowen Field,Boise,United States,BOI
Creech Air Force Base,Indian Springs,United States,INS
Garden City Regional Airport,Garden City,United States,GCK
Minot International Airport,Minot,United States,MOT
Wheeler Army Airfield,Wahiawa,United States,HHI
Maxwell Air Force Base,Montgomery,United States,MXF
Robinson Army Air Field,Robinson,United States,\N
Dallas Love Field,Dallas,United States,DAL
Butts AAF (Fort Carson) Air Field,Fort Carson,United States,FCS
Helena Regional Airport,Helena,United States,HLN
Miramar Marine Corps Air Station - Mitscher Field,Miramar,United States,NKX
Luke Air Force Base,Phoenix,United States,LUF
Hurlburt Field,Mary Esther,United States,\N
Jack Northrop Field Hawthorne Municipal Airport,Hawthorne,United States,HHR
Houlton International Airport,Houlton,United States,HUL
Vance Air Force Base,Enid,United States,END
Point Mugu Naval Air Station (Naval Base Ventura Co),Point Mugu,United States,NTD
Edwards Air Force Base,Edwards Afb,United States,EDW
Lake Charles Regional Airport,Lake Charles,United States,LCH
Ellison Onizuka Kona International At Keahole Airport,Kona,United States,KOA
Myrtle Beach International Airport,Myrtle Beach,United States,MYR
Lemoore Naval Air Station (Reeves Field) Airport,Lemoore,United States,NLC
Nantucket Memorial Airport,Nantucket,United States,ACK
Felker Army Air Field,Fort Eustis,United States,FAF
Campbell AAF (Fort Campbell) Air Field,Hopkinsville,United States,HOP
Ronald Reagan Washington National Airport,Washington,United States,DCA
Patuxent River Naval Air Station (Trapnell Field),Patuxent River,United States,NHK
Palacios Municipal Airport,Palacios,United States,PSX
Arkansas International Airport,Blytheville,United States,BYH
Atlantic City International Airport,Atlantic City,United States,ACY
Tinker Air Force Base,Oklahoma City,United States,TIK
Elizabeth City Regional Airport & Coast Guard Air Station,Elizabeth City,United States,ECG
Pueblo Memorial Airport,Pueblo,United States,PUB
Northern Maine Regional Airport at Presque Isle,Presque Isle,United States,PQI
Gray Army Air Field,Fort Lewis,United States,GRF
Kodiak Airport,Kodiak,United States,ADQ
Upolu Airport,Opolu,United States,UPP
Fort Lauderdale Hollywood International Airport,Fort Lauderdale,United States,FLL
Muskogee-Davis Regional Airport,Muskogee,United States,\N
Falls International Airport,International Falls,United States,INL
Salt Lake City International Airport,Salt Lake City,United States,SLC
Childress Municipal Airport,Childress,United States,CDS
Keesler Air Force Base,Biloxi,United States,BIX
Lawson Army Air Field (Fort Benning),Fort Benning,United States,LSF
Kingsville Naval Air Station,Kingsville,United States,NQI
Marshall Army Air Field,Fort Riley,United States,FRI
Harrisburg International Airport,Harrisburg,United States,MDT
Lincoln Airport,Lincoln,United States,LNK
Capital City Airport,Lansing,United States,LAN
Waimea Kohala Airport,Kamuela,United States,MUE
Massena International Richards Field,Massena,United States,MSS
Hickory Regional Airport,Hickory,United States,HKY
Albert Whitted Airport,St. Petersburg,United States,SPG
Page Field,Fort Myers,United States,FMY
George Bush Intercontinental Houston Airport,Houston,United States,IAH
Millinocket Municipal Airport,Millinocket,United States,\N
Joint Base Andrews,Camp Springs,United States,ADW
Smith Reynolds Airport,Winston-salem,United States,INT
Southern California Logistics Airport,Victorville,United States,VCV
Bob Sikes Airport,Crestview,United States,CEW
Wheeler Sack Army Air Field,Fort Drum,United States,\N
St Clair County International Airport,Port Huron,United States,PHN
Meadows Field,Bakersfield,United States,BFL
El Paso International Airport,El Paso,United States,ELP
Valley International Airport,Harlingen,United States,HRL
Columbia Metropolitan Airport,Columbia,United States,CAE
Davis Monthan Air Force Base,Tucson,United States,DMA
Pensacola Naval Air Station/Forrest Sherman Field,Pensacola,United States,NPA
Pensacola Regional Airport,Pensacola,United States,PNS
Grand Forks Air Force Base,Red River,United States,RDR
William P Hobby Airport,Houston,United States,HOU
Buckley Air Force Base,Buckley,United States,BFK
Northway Airport,Northway,United States,ORT
"Warren ""Bud"" Woods Palmer Municipal Airport",Palmer,United States,PAQ
Pittsburgh International Airport,Pittsburgh,United States,PIT
Wiley Post Will Rogers Memorial Airport,Barrow,United States,BRW
Ellington Airport,Houston,United States,EFD
Whidbey Island Naval Air Station (Ault Field),Whidbey Island,United States,NUW
Alice International Airport,Alice,United States,ALI
Moody Air Force Base,Valdosta,United States,VAD
Miami International Airport,Miami,United States,MIA
Seattle Tacoma International Airport,Seattle,United States,SEA
Lovell Field,Chattanooga,United States,CHA
Igor I Sikorsky Memorial Airport,Stratford,United States,BDR
Jackson-Medgar Wiley Evers International Airport,Jackson,United States,JAN
Scholes International At Galveston Airport,Galveston,United States,GLS
Long Beach /Daugherty Field/ Airport,Long Beach,United States,LGB
Dillingham Airfield,Dillingham,United States,HDH
Williamsport Regional Airport,Williamsport,United States,IPT
Indianapolis International Airport,Indianapolis,United States,IND
Whiteman Air Force Base,Knobnoster,United States,SZL
Akron Fulton International Airport,Akron,United States,AKC
Greenwood–Leflore Airport,Greenwood,United States,GWO
Westchester County Airport,White Plains,United States,HPN
Francis S Gabreski Airport,West Hampton Beach,United States,FOK
Jonesboro Municipal Airport,Jonesboro,United States,JBR
Tonopah Test Range Airport,Tonopah,United States,XSD
Palm Beach County Park Airport,West Palm Beach,United States,LNA
North Island Naval Air Station-Halsey Field,San Diego,United States,NZY
Biggs Army Air Field (Fort Bliss),El Paso,United States,BIF
Yuma MCAS/Yuma International Airport,Yuma,United States,YUM
Cavern City Air Terminal,Carlsbad,United States,CNM
Duluth International Airport,Duluth,United States,DLH
Bethel Airport,Bethel,United States,BET
Bowman Field,Louisville,United States,LOU
Sierra Vista Municipal Libby Army Air Field,Fort Huachuca,United States,FHU
Lihue Airport,Lihue,United States,LIH
"Terre Haute Regional Airport, Hulman Field",Terre Haute,United States,HUF
Havre City County Airport,Havre,United States,HVR
Grant County International Airport,Grant County Airport,United States,MWH
Edward F Knapp State Airport,Montpelier,United States,MPV
San Nicolas Island Nolf Airport,San Nicolas Island,United States,\N
Richmond International Airport,Richmond,United States,RIC
Shreveport Regional Airport,Shreveport,United States,SHV
Merle K (Mudhole) Smith Airport,Cordova,United States,CDV
Norfolk International Airport,Norfolk,United States,ORF
Southeast Texas Regional Airport,Beaumont,United States,BPT
Savannah Hilton Head International Airport,Savannah,United States,SAV
Hill Air Force Base,Ogden,United States,HIF
Nome Airport,Nome,United States,OME
Scappoose Industrial Airpark,San Luis,United States,\N
St Petersburg Clearwater International Airport,St. Petersburg,United States,PIE
Menominee Regional Airport,Macon,United States,MNM
Conroe-North Houston Regional Airport,Conroe,United States,CXO
Deadhorse Airport,Deadhorse,United States,SCC
San Antonio International Airport,San Antonio,United States,SAT
Greater Rochester International Airport,Rochester,United States,ROC
Patrick Air Force Base,Coco Beach,United States,COF
Teterboro Airport,Teterboro,United States,TEB
Ellsworth Air Force Base,Rapid City,United States,RCA
Raleigh Durham International Airport,Raleigh-durham,United States,RDU
James M Cox Dayton International Airport,Dayton,United States,DAY
Kenai Municipal Airport,Kenai,United States,ENA
Mc Alester Regional Airport,Mcalester,United States,MLC
Niagara Falls International Airport,Niagara Falls,United States,IAG
Coulter Field,Bryan,United States,CFD
Wright AAF (Fort Stewart)/Midcoast Regional Airport,Wright,United States,LIY
Newport News Williamsburg International Airport,Newport News,United States,PHF
Esler Regional Airport,Alexandria,United States,ESF
Altus Air Force Base,Altus,United States,LTS
Tucson International Airport,Tucson,United States,TUS
Minot Air Force Base,Minot,United States,MIB
Beale Air Force Base,Marysville,United States,BAB
Greater Kankakee Airport,Kankakee,United States,IKK
Seymour Johnson Air Force Base,Goldsboro,United States,GSB
Theodore Francis Green State Airport,Providence,United States,PVD
Salisbury Ocean City Wicomico Regional Airport,Salisbury,United States,SBY
Rancho Murieta Airport,Rancho Murieta,United States,\N
Bob Hope Airport,Burbank,United States,BUR
Detroit Metropolitan Wayne County Airport,Detroit,United States,DTW
Tampa International Airport,Tampa,United States,TPA
Pembina Municipal Airport,Pembina,United States,PMB
Polk Army Air Field,Fort Polk,United States,POE
Eielson Air Force Base,Fairbanks,United States,EIL
Range Regional Airport,Hibbing,United States,HIB
Angelina County Airport,Lufkin,United States,LFK
Midland International Airport,Midland,United States,MAF
Austin Straubel International Airport,Green Bay,United States,GRB
Ardmore Municipal Airport,Ardmore,United States,ADM
Mc Guire Air Force Base,Wrightstown,United States,WRI
Cherry Point MCAS /Cunningham Field/,Cherry Point,United States,\N
Emanuel County Airport,Santa Barbara,United States,\N
Augusta Regional At Bush Field,Bush Field,United States,AGS
Sloulin Field International Airport,Williston,United States,ISN
Bill & Hillary Clinton National Airport/Adams Field,Little Rock,United States,LIT
Stewart International Airport,Newburgh,United States,SWF
Baudette International Airport,Baudette,United States,BDE
Sacramento Executive Airport,Sacramento,United States,SAC
Homer Airport,Homer,United States,HOM
Waynesville-St. Robert Regional Forney field,Fort Leonardwood,United States,TBN
Dobbins Air Reserve Base,Marietta,United States,MGE
Fairchild Air Force Base,Spokane,United States,SKA
Roscommon County - Blodgett Memorial Airport,Houghton Lake,United States,HTL
Tyndall Air Force Base,Panama City,United States,PAM
Dallas Fort Worth International Airport,Dallas-Fort Worth,United States,DFW
Melbourne International Airport,Melbourne,United States,MLB
McChord Air Force Base,Tacoma,United States,TCM
Austin Bergstrom International Airport,Austin,United States,AUS
Rickenbacker International Airport,Columbus,United States,LCK
Sawyer International Airport,Gwinn,United States,MQT
McGhee Tyson Airport,Knoxville,United States,TYS
Hood Army Air Field,Fort Hood,United States,HLR
St Louis Lambert International Airport,St. Louis,United States,STL
Millville Municipal Airport,Millville,United States,MIV
Sheppard Air Force Base-Wichita Falls Municipal Airport,Wichita Falls,United States,SPS
Cincinnati Municipal Airport Lunken Field,Cincinnati,United States,LUK
Hartsfield Jackson Atlanta International Airport,Atlanta,United States,ATL
Castle Airport,Merced,United States,MER
Mc Clellan Airfield,Sacramento,United States,MCC
Gerald R. Ford International Airport,Grand Rapids,United States,GRR
Winkler County Airport,Wink,United States,INK
Fresno Yosemite International Airport,Fresno,United States,FAT
Vero Beach Regional Airport,Vero Beach,United States,VRB
Imperial County Airport,Imperial,United States,IPL
Nashville International Airport,Nashville,United States,BNA
Laredo International Airport,Laredo,United States,LRD
Elmendorf Air Force Base,Anchorage,United States,EDF
Ralph Wien Memorial Airport,Kotzebue,United States,OTZ
Altoona Blair County Airport,Altoona,United States,AOO
Dyess Air Force Base,Abilene,United States,DYS
South Arkansas Regional At Goodwin Field,El Dorado,United States,ELD
La Guardia Airport,New York,United States,LGA
Tallahassee Regional Airport,Tallahassee,United States,TLH
Dupage Airport,West Chicago,United States,DPA
Waco Regional Airport,Waco,United States,ACT
Augusta State Airport,Augusta,United States,AUG
Hillsboro Municipal Airport,Hillsboro,United States,\N
Jacksonville Naval Air Station (Towers Field),Jacksonville,United States,NIP
McKellar-Sipes Regional Airport,Jackson,United States,MKL
Molokai Airport,Molokai,United States,MKK
Godman Army Air Field,Fort Knox,United States,FTK
New River MCAS /H/ /Mccutcheon Fld/ Airport,Jacksonville,United States,\N
San Angelo Regional Mathis Field,San Angelo,United States,SJT
Calexico International Airport,Calexico,United States,CXL
Chico Municipal Airport,Chico,United States,CIC
Burlington International Airport,Burlington,United States,BTV
Jacksonville International Airport,Jacksonville,United States,JAX
Durango La Plata County Airport,Durango,United States,DRO
Washington Dulles International Airport,Washington,United States,IAD
Easterwood Field,College Station,United States,CLL
Felts Field,Spokane,United States,SFF
General Mitchell International Airport,Milwaukee,United States,MKE
Abilene Regional Airport,Abilene,United States,ABI
Columbia Regional Airport,Columbia,United States,COU
Portland International Airport,Portland,United States,PDX
Dade Collier Training and Transition Airport,Miami,United States,TNT
Palm Beach International Airport,West Palm Beach,United States,PBI
Fort Worth Meacham International Airport,Fort Worth,United States,FTW
Ogdensburg International Airport,Ogdensburg,United States,OGS
Cape Cod Coast Guard Air Station,Falmouth,United States,FMH
Boeing Field King County International Airport,Seattle,United States,BFI
Lackland Air Force Base,San Antonio,United States,SKF
Daniel K Inouye International Airport,Honolulu,United States,HNL
Des Moines International Airport,Des Moines,United States,DSM
Coastal Carolina Regional Airport,New Bern,United States,EWN
San Diego International Airport,San Diego,United States,SAN
Monroe Regional Airport,Monroe,United States,MLU
Shaw Air Force Base,Sumter,United States,SSC
Ontario International Airport,Ontario,United States,ONT
Majors Airport,Greenvile,United States,GVT
Roswell International Air Center Airport,Roswell,United States,ROW
Coleman A. Young Municipal Airport,Detroit,United States,DET
Brownsville South Padre Island International Airport,Brownsville,United States,BRO
Dothan Regional Airport,Dothan,United States,DHN
Cape May County Airport,Wildwood,United States,WWD
Fallon Naval Air Station,Fallon,United States,NFL
Selfridge Air National Guard Base Airport,Mount Clemens,United States,MTC
Four Corners Regional Airport,Farmington,United States,FMN
Corpus Christi International Airport,Corpus Christi,United States,CRP
Syracuse Hancock International Airport,Syracuse,United States,SYR
Naval Air Station Key West/Boca Chica Field,Key West,United States,NQX
Chicago Midway International Airport,Chicago,United States,MDW
Norman Y. Mineta San Jose International Airport,San Jose,United States,SJC
Lea County Regional Airport,Hobbs,United States,HOB
Northeast Philadelphia Airport,Philadelphia,United States,PNE
Denver International Airport,Denver,United States,DEN
Philadelphia International Airport,Philadelphia,United States,PHL
Sioux Gateway Col. Bud Day Field,Sioux City,United States,SUX
Middle Georgia Regional Airport,Macon,United States,MCN
Truth Or Consequences Municipal Airport,Truth Or Consequences,United States,TCS
Palmdale Regional/USAF Plant 42 Airport,Palmdale,United States,PMD
Randolph Air Force Base,San Antonio,United States,RND
El Centro NAF Airport (Vraciu Field),El Centro,United States,NJK
John Glenn Columbus International Airport,Columbus,United States,CMH
Drake Field,Fayetteville,United States,FYV
Henry Post Army Air Field (Fort Sill),Fort Sill,United States,FSI
Princeton Municipal Airport,Princeton,United States,\N
Wright-Patterson Air Force Base,Dayton,United States,FFO
Edward G. Pitka Sr Airport,Galena,United States,GAL
Chandler Municipal Airport,Chandler,United States,\N
Mineral Wells Airport,Mineral Wells,United States,MWL
Mc Connell Air Force Base,Wichita,United States,IAB
New Orleans NAS JRB/Alvin Callender Field,New Orleans,United States,NBG
Beaufort County Airport,Beaufort,United States,BFT
Texarkana Regional Webb Field,Texarkana,United States,TXK
Plattsburgh International Airport,Plattsburgh,United States,PBG
Phillips Army Air Field,Aberdeen,United States,APG
Tucumcari Municipal Airport,Tucumcari,United States,TCC
Ted Stevens Anchorage International Airport,Anchorage,United States,ANC
Robert Gray  Army Air Field Airport,Killeen,United States,GRK
Black Rock Airport,Zuni Pueblo,United States,\N
Bellingham International Airport,Bellingham,United States,BLI
Millington-Memphis Airport,Millington,United States,NQA
Elkins-Randolph Co-Jennings Randolph Field,Elkins,United States,EKN
Hartford Brainard Airport,Hartford,United States,HFD
North Central State Airport,Smithfield,United States,SFZ
Mobile Regional Airport,Mobile,United States,MOB
Moffett Federal Airfield,Mountain View,United States,NUQ
Santa Fe Municipal Airport,Santa Fe,United States,SAF
Barking Sands Airport,Barking Sands,United States,BKH
Beauregard Regional Airport,Deridder,United States,DRI
Bradshaw Army Airfield,Bradshaw Field,United States,BSF
Nogales International Airport,Nogales,United States,OLS
Mac Dill Air Force Base,Tampa,United States,MCF
Scott AFB/Midamerica Airport,Belleville,United States,BLV
Opa-locka Executive Airport,Miami,United States,OPF
Del Rio International Airport,Del Rio,United States,DRT
Southwest Florida International Airport,Fort Myers,United States,RSW
King Salmon Airport,King Salmon,United States,AKN
Muir Army Air Field (Fort Indiantown Gap) Airport,Muir,United States,MUI
Kapalua Airport,Lahania-kapalua,United States,JHM
John F Kennedy International Airport,New York,United States,JFK
Homestead ARB Airport,Homestead,United States,HST
Riverside Municipal Airport,Riverside,United States,RAL
Sherman Army Air Field,Fort Leavenworth,United States,FLV
Wallops Flight Facility Airport,Wallops Island,United States,WAL
Holloman Air Force Base,Alamogordo,United States,HMN
Willow Grove Naval Air Station/Joint Reserve Base,Willow Grove,United States,NXX
Cheyenne Regional Jerry Olson Field,Cheyenne,United States,CYS
Stockton Metropolitan Airport,Stockton,United States,SCK
Charleston Air Force Base-International Airport,Charleston,United States,CHS
Reno Tahoe International Airport,Reno,United States,RNO
Ketchikan International Airport,Ketchikan,United States,KTN
Willow Run Airport,Detroit,United States,YIP
Vandenberg Air Force Base,Lompoc,United States,VBG
Birmingham-Shuttlesworth International Airport,Birmingham,United States,BHM
Lakehurst Maxfield Field Airport,Lakehurst,United States,NEL
Eareckson Air Station,Shemya,United States,SYA
Nellis Air Force Base,Las Vegas,United States,LSV
March ARB Airport,Riverside,United States,RIV
Modesto City Co-Harry Sham Field,Modesto,United States,MOD
Sacramento International Airport,Sacramento,United States,SMF
Waukegan National Airport,Chicago,United States,UGN
City of Colorado Springs Municipal Airport,Colorado Springs,United States,COS
Buffalo Niagara International Airport,Buffalo,United States,BUF
Griffing Sandusky Airport,Sandusky,United States,SKY
Snohomish County (Paine Field) Airport,Everett,United States,PAE
Mountain Home Air Force Base,Mountain Home,United States,MUO
Cedar City Regional Airport,Cedar City,United States,CDC
Bradley International Airport,Windsor Locks,United States,BDL
Mc Allen Miller International Airport,Mcallen,United States,MFE
Norfolk Naval Station (Chambers Field),Norfolk,United States,NGU
Westover ARB/Metropolitan Airport,Chicopee Falls,United States,CEF
Lubbock Preston Smith International Airport,Lubbock,United States,LBB
Chicago O'Hare International Airport,Chicago,United States,ORD
Boca Raton Airport,Boca Raton,United States,BCT
Fairbanks International Airport,Fairbanks,United States,FAI
Quantico MCAF /Turner field,Quantico,United States,\N
Cannon Air Force Base,Clovis,United States,CVS
Kaneohe Bay MCAS (Marion E. Carl Field) Airport,Kaneohe Bay,United States,NGF
Offutt Air Force Base,Omaha,United States,OFF
Gulkana Airport,Gulkana,United States,GKN
Watertown International Airport,Watertown,United States,ART
Palm Springs International Airport,Palm Springs,United States,PSP
Rick Husband Amarillo International Airport,Amarillo,United States,AMA
Fort Dodge Regional Airport,Fort Dodge,United States,FOD
Barksdale Air Force Base,Shreveport,United States,BAD
Topeka Regional Airport - Forbes Field,Topeka,United States,FOE
Cotulla-La Salle County Airport,Cotulla,United States,COT
Wilmington International Airport,Wilmington,United States,ILM
Baton Rouge Metropolitan Airport,Baton Rouge,United States,BTR
Meridian Naval Air Station,Meridian,United States,\N
Tyler Pounds Regional Airport,Tyler,United States,TYR
Baltimore/Washington International Thurgood Marshall Airport,Baltimore,United States,BWI
Hobart Regional Airport,Hobart,United States,HBR
Lanai Airport,Lanai,United States,LNY
Alexandria International Airport,Alexandria,United States,AEX
Condron Army Air Field,White Sands,United States,WSD
Cold Bay Airport,Cold Bay,United States,CDB
Tulsa International Airport,Tulsa,United States,TUL
Sitka Rocky Gutierrez Airport,Sitka,United States,SIT
Long Island Mac Arthur Airport,Islip,United States,ISP
Minneapolis-St Paul International/Wold-Chamberlain Airport,Minneapolis,United States,MSP
New Castle Airport,Wilmington,United States,ILG
Unalaska Airport,Unalaska,United States,DUT
Louis Armstrong New Orleans International Airport,New Orleans,United States,MSY
Portland International Jetport Airport,Portland,United States,PWM
Will Rogers World Airport,Oklahoma City,United States,OKC
Albany International Airport,Albany,United States,ALB
Valdez Pioneer Field,Valdez,United States,VDZ
Langley Air Force Base,Hampton,United States,LFI
John Wayne Airport-Orange County Airport,Santa Ana,United States,SNA
Columbus Air Force Base,Colombus,United States,CBM
Kendall-Tamiami Executive Airport,Kendall-tamiami,United States,TMB
Oceana Naval Air Station,Oceana,United States,NTU
Grissom Air Reserve Base,Peru,United States,GUS
Casper-Natrona County International Airport,Casper,United States,CPR
Destin-Ft Walton Beach Airport,Valparaiso,United States,VPS
Craig Field,Selma,United States,SEM
Key West International Airport,Key West,United States,EYW
Charlotte Douglas International Airport,Charlotte,United States,CLT
McCarran International Airport,Las Vegas,United States,LAS
Orlando International Airport,Orlando,United States,MCO
Florence Regional Airport,Florence,United States,FLO
Great Falls International Airport,Great Falls,United States,GTF
Youngstown Warren Regional Airport,Youngstown,United States,YNG
Ladd AAF Airfield,Fort Wainwright,United States,FBK
Mc Minnville Municipal Airport,Mackminnville,United States,\N
Robins Air Force Base,Macon,United States,WRB
Pullman Moscow Regional Airport,Pullman,United States,PUW
Lewiston Nez Perce County Airport,Lewiston,United States,LWS
Elmira Corning Regional Airport,Elmira,United States,ELM
Ithaca Tompkins Regional Airport,Ithaca,United States,ITH
Monterey Peninsula Airport,Monterey,United States,MRY
Santa Barbara Municipal Airport,Santa Barbara,United States,SBA
Daytona Beach International Airport,Daytona Beach,United States,DAB
Downtown-Manhattan/Wall St Heliport,New York,United States,JRB
Talkeetna Airport,Talkeetna,United States,TKA
Tweed New Haven Airport,New Haven,United States,HVN
Asheville Regional Airport,Asheville,United States,AVL
Piedmont Triad International Airport,Greensboro,United States,GSO
Joe Foss Field Airport,Sioux Falls,United States,FSD
Manchester-Boston Regional Airport,Manchester NH,United States,MHT
Naples Municipal Airport,Naples,United States,APF
Louisville International Standiford Field,Louisville,United States,SDF
Charlottesville Albemarle Airport,Charlottesville VA,United States,CHO
Roanoke–Blacksburg Regional Airport,Roanoke VA,United States,ROA
Blue Grass Airport,Lexington KY,United States,LEX
Evansville Regional Airport,Evansville,United States,EVV
Albuquerque International Sunport,Albuquerque,United States,ABQ
Gallatin Field,Bozeman,United States,BZN
Billings Logan International Airport,Billings,United States,BIL
Bert Mooney Airport,Butte,United States,BTM
Cherry Capital Airport,Traverse City,United States,TVC
Hancock County-Bar Harbor Airport,Bar Harbor,United States,BHB
Knox County Regional Airport,Rockland,United States,RKD
Jackson Hole Airport,Jacksn Hole,United States,JAC
Chicago Rockford International Airport,Rockford,United States,RFD
Greenville Spartanburg International Airport,Greenville,United States,GSP
Central Illinois Regional Airport at Bloomington-Normal,Bloomington,United States,BMI
Gulfport Biloxi International Airport,Gulfport,United States,GPT
Kalamazoo Battle Creek International Airport,Kalamazoo,United States,AZO
Toledo Express Airport,Toledo,United States,TOL
Fort Wayne International Airport,Fort Wayne,United States,FWA
Decatur Airport,Decatur,United States,DEC
The Eastern Iowa Airport,Cedar Rapids,United States,CID
La Crosse Municipal Airport,La Crosse,United States,LSE
Central Wisconsin Airport,Wassau,United States,CWA
General Wayne A. Downing Peoria International Airport,Peoria,United States,PIA
Appleton International Airport,Appleton,United States,ATW
Rochester International Airport,Rochester,United States,RST
University of Illinois Willard Airport,Champaign,United States,CMI
Manhattan Regional Airport,Manhattan,United States,MHK
Venango Regional Airport,Franklin,United States,FKL
Grand Junction Regional Airport,Grand Junction,United States,GJT
St George Municipal Airport,Saint George,United States,SGU
David Wayne Hooks Memorial Airport,Houston,United States,DWH
Port O'Connor Private Heliport,Port O\'Connor,United States,\N
Sarasota Bradenton International Airport,Sarasota,United States,SRQ
Van Nuys Airport,Van Nuys,United States,VNY
Quad City International Airport,Moline,United States,MLI
Panama City-Bay Co International Airport,Panama City,United States,PFN
Bismarck Municipal Airport,Bismarck,United States,BIS
Telluride Regional Airport,Telluride,United States,TEX
Rapid City Regional Airport,Rapid City,United States,RAP
Mc Clellan-Palomar Airport,Carlsbad,United States,CLD
Bishop International Airport,Flint,United States,FNT
Redding Municipal Airport,Redding,United States,RDD
Mahlon Sweet Field,Eugene,United States,EUG
Idaho Falls Regional Airport,Idaho Falls,United States,IDA
Rogue Valley International Medford Airport,Medford,United States,MFR
Roberts Field,Redmond-Bend,United States,RDM
Akron Canton Regional Airport,Akron,United States,CAK
Huntsville International Carl T Jones Field,Huntsville,United States,HSV
Mid Ohio Valley Regional Airport,PARKERSBURG,United States,PKB
Montgomery Regional (Dannelly Field) Airport,MONTGOMERY,United States,MGM
Tri-Cities Regional TN/VA Airport,BRISTOL,United States,TRI
Barkley Regional Airport,PADUCAH,United States,PAH
Page Municipal Airport,Page,United States,PGA
Glacier Park International Airport,Kalispell,United States,FCA
MBS International Airport,Saginaw,United States,MBS
Greater Binghamton/Edwin A Link field,Binghamton,United States,BGM
Blythe Airport,Blythe,United States,BLH
Petersburg James A Johnson Airport,Petersburg,United States,PSG
Orlando Sanford International Airport,Sanford,United States,SFB
John Murtha Johnstown Cambria County Airport,Johnstown,United States,JST
Missoula International Airport,Missoula,United States,MSO
Grand Canyon National Park Airport,Grand Canyon,United States,GCN
Sugar Land Regional Airport,Sugar Land,United States,SGR
Centennial Airport,Denver,United States,APA
Clovis Municipal Airport,Clovis,United States,CVN
Fort Stockton Pecos County Airport,Fort Stockton,United States,FST
Las Vegas Municipal Airport,Las Vegas,United States,LVS
West Houston Airport,Houston,United States,IWS
La Junta Municipal Airport,La Junta,United States,\N
Las Cruces International Airport,Las Cruces,United States,LRU
Stephens County Airport,Breckenridge,United States,BKD
Draughon Miller Central Texas Regional Airport,Temple,United States,TPL
Ozona Municipal Airport,Ozona,United States,OZA
Eagle County Regional Airport,Vail,United States,EGE
Cuyahoga County Airport,Richmond Heights,United States,CGF
Mansfield Lahm Regional Airport,Mansfield,United States,MFD
Columbus Metropolitan Airport,Columbus,United States,CSG
Lawton Fort Sill Regional Airport,Lawton,United States,LAW
Northern Colorado Regional Airport,Fort Collins,United States,FNL
Flagstaff Pulliam Airport,Flagstaff,United States,FLG
Lake Tahoe Airport,South Lake Tahoe,United States,TVL
Joslin Field Magic Valley Regional Airport,Twin Falls,United States,TWF
Martha's Vineyard Airport,Vineyard Haven MA,United States,MVY
Concord Municipal Airport,Concord NH,United States,CON
Groton New London Airport,Groton CT,United States,GON
St Cloud Regional Airport,Saint Cloud,United States,STC
Golden Triangle Regional Airport,Columbus Mississippi,United States,GTR
Bowerman Airport,Hoquiam,United States,HQM
Erie International Tom Ridge Field,Erie,United States,ERI
Barnstable Municipal Boardman Polando Field,Barnstable,United States,HYA
Sedona Airport,Sedona,United States,SDX
Morgantown Municipal Walter L. Bill Hart Field,Morgantown,United States,MGW
Yeager Airport,Charleston,United States,CRW
Wilkes Barre Scranton International Airport,Scranton,United States,AVP
Bemidji Regional Airport,Bemidji,United States,BJI
Hector International Airport,Fargo,United States,FAR
Charles B. Wheeler Downtown Airport,Kansas City,United States,MKC
Gillette Campbell County Airport,Gillette,United States,GCC
El Toro Marine Corps Air Station,Santa Ana,United States,NZJ
University Park Airport,State College Pennsylvania,United States,SCE
Key Field,Meridian,United States,MEI
Abraham Lincoln Capital Airport,Springfield,United States,SPI
Cortez Municipal Airport,Cortez,United States,CEZ
Yampa Valley Airport,Hayden,United States,HDN
Gallup Municipal Airport,Gallup,United States,GUP
Liberal Mid-America Regional Airport,Liberal,United States,LBL
Lamar Municipal Airport,Lamar,United States,LAA
Renner Field-Goodland Municipal Airport,Goodland,United States,GLD
Yellowstone Regional Airport,Cody,United States,COD
Springfield Branson National Airport,Springfield,United States,SGF
Joplin Regional Airport,Joplin,United States,JLN
Lehigh Valley International Airport,Allentown,United States,ABE
Northwest Arkansas Regional Airport,Bentonville,United States,XNA
South Bend Regional Airport,South Bend,United States,SBN
Smith Field,Fort Wayne IN,United States,SMD
California Redwood Coast-Humboldt County Airport,Arcata CA,United States,ACV
Albert J Ellis Airport,Jacksonville NC,United States,OAJ
Tuscaloosa Regional Airport,Tuscaloosa AL,United States,TCL
Dubuque Regional Airport,Dubuque IA,United States,DBQ
Aberdeen Regional Airport,Aberdeen,United States,ABR
Southwest Georgia Regional Airport,Albany,United States,ABY
Athens Ben Epps Airport,Athens,United States,AHN
Alamogordo White Sands Regional Airport,Alamogordo,United States,ALM
Waterloo Regional Airport,Waterloo,United States,ALO
Walla Walla Regional Airport,Walla Walla,United States,ALW
Alpena County Regional Airport,Alpena,United States,APN
Watertown Regional Airport,Watertown,United States,ATY
Bradford Regional Airport,Bradford,United States,BFD
Western Neb. Rgnl/William B. Heilig Airport,Scottsbluff,United States,BFF
Raleigh County Memorial Airport,Beckley,United States,BKW
Brunswick Golden Isles Airport,Brunswick,United States,BQK
Southeast Iowa Regional Airport,Burlington,United States,BRL
Jack Mc Namara Field Airport,Crescent City,United States,CEC
Cape Girardeau Regional Airport,Cape Girardeau,United States,CGI
Chippewa County International Airport,Sault Ste Marie,United States,CIU
North Central West Virginia Airport,Clarksburg,United States,CKB
William R Fairchild International Airport,Port Angeles,United States,CLM
Houghton County Memorial Airport,Hancock,United States,CMX
Dodge City Regional Airport,Dodge City,United States,DDC
DuBois Regional Airport,Du Bois,United States,DUJ
Chippewa Valley Regional Airport,Eau Claire,United States,EAU
Elko Regional Airport,Elko,United States,EKO
New Bedford Regional Airport,New Bedford,United States,EWB
Fayetteville Regional Grannis Field,Fayetteville,United States,FAY
Wokal Field Glasgow International Airport,Glasgow,United States,GGW
Central Nebraska Regional Airport,Grand Island,United States,GRI
Memorial Field,Hot Springs,United States,HOT
Tri-State/Milton J. Ferguson Field,Huntington,United States,HTS
Kirksville Regional Airport,Kirksville,United States,IRK
Jamestown Regional Airport,Jamestown,United States,JMS
Laramie Regional Airport,Laramie,United States,LAR
Arnold Palmer Regional Airport,Latrobe,United States,LBE
North Platte Regional Airport Lee Bird Field,North Platte,United States,LBF
Lebanon Municipal Airport,Lebanon,United States,LEB
Crater Lake-Klamath Regional Airport,Klamath Falls,United States,LMT
Lancaster Airport,Lancaster,United States,LNS
Lewistown Municipal Airport,Lewistown,United States,LWT
Lynchburg Regional Preston Glenn Field,Lynchburg,United States,LYH
Muskegon County Airport,Muskegon,United States,MKG
Frank Wiley Field,Miles City,United States,MLS
Northwest Alabama Regional Airport,Muscle Shoals,United States,MSL
Southwest Oregon Regional Airport,North Bend,United States,OTH
Owensboro Daviess County Airport,Owensboro,United States,OWB
Hattiesburg Laurel Regional Airport,Hattiesburg/Laurel,United States,PIB
Pocatello Regional Airport,Pocatello,United States,PIH
Pierre Regional Airport,Pierre,United States,PIR
Pellston Regional Airport of Emmet County Airport,Pellston,United States,PLN
Portsmouth International at Pease Airport,Portsmouth,United States,PSM
Reading Regional Carl A Spaatz Field,Reading,United States,RDG
Rhinelander Oneida County Airport,Rhinelander,United States,RHI
Southwest Wyoming Regional Airport,Rock Springs,United States,RKS
Rutland - Southern Vermont Regional Airport,Rutland,United States,RUT
San Luis County Regional Airport,San Luis Obispo,United States,SBP
Sheridan County Airport,Sheridan,United States,SHR
Adirondack Regional Airport,Saranac Lake,United States,SLK
Salina Municipal Airport,Salina,United States,SLN
Santa Maria Pub/Capt G Allan Hancock Field,Santa Maria,United States,SMX
Tupelo Regional Airport,Tupelo,United States,TUP
Quincy Regional Baldwin Field,Quincy,United States,UIN
Victoria Regional Airport,Victoria,United States,VCT
Valdosta Regional Airport,Valdosta,United States,VLD
Worland Municipal Airport,Worland,United States,WRL
Yakima Air Terminal McAllister Field,Yakima,United States,YKM
Adak Airport,Adak Island,United States,ADK
Gustavus Airport,Gustavus,United States,GST
Skagway Airport,Skagway,United States,SGY
Holy Cross Airport,Holy Cross,United States,HCR
Haines Airport,Haines,United States,HNS
Kalskag Airport,Kalskag,United States,KLG
McGrath Airport,Mcgrath,United States,MCG
Mountain Village Airport,Mountain Village,United States,MOU
Aniak Airport,Aniak,United States,ANI
Chevak Airport,Chevak,United States,VAK
Wrangell Airport,Wrangell,United States,WRG
Kalaupapa Airport,Molokai,United States,LUP
Aleknagik / New Airport,Aleknagik,United States,WKK
Mercer County Airport,Bluefield,United States,BLF
Mid Delta Regional Airport,Greenville,United States,GLH
Tri Cities Airport,Pasco,United States,PSC
Akutan Seaplane Base,Akutan,United States,KQA
Lopez Island Airport,Lopez,United States,LPS
Waikoloa Heliport,Waikoloa Village,United States,WKL
Worcester Regional Airport,Worcester,United States,ORH
Bremerton National Airport,Bremerton,United States,PWT
Spencer Municipal Airport,Spencer,United States,SPW
Jefferson City Memorial Airport,Jefferson City,United States,JEF
Provincetown Municipal Airport,Provincetown,United States,PVC
Fullerton Municipal Airport,Fullerton,United States,FUL
Concord-Padgett Regional Airport,Concord,United States,USA
Friedman Memorial Airport,Hailey,United States,SUN
Mason City Municipal Airport,Mason City,United States,MCW
Phoenix-Mesa-Gateway Airport,Mesa,United States,AZA
Anaktuvuk Pass Airport,Anaktuvuk Pass,United States,AKP
Anvik Airport,Anvik,United States,ANV
Atqasuk Edward Burnell Sr Memorial Airport,Atqasuk,United States,ATK
Gambell Airport,Gambell,United States,GAM
Hooper Bay Airport,Hooper Bay,United States,HPB
Kaltag Airport,Kaltag,United States,KAL
St Mary's Airport,St Mary's,United States,KSM
Kivalina Airport,Kivalina,United States,KVL
Mekoryuk Airport,Mekoryuk,United States,MYU
Ruby Airport,Ruby,United States,RBY
Shishmaref Airport,Shishmaref,United States,SHH
Savoonga Airport,Savoonga,United States,SVA
Noatak Airport,Noatak,United States,WTK
Arctic Village Airport,Arctic Village,United States,ARC
Port Clarence Coast Guard Station,Port Clarence,United States,KPC
Hagerstown Regional Richard A Henson Field,Hagerstown,United States,HGR
Sand Point Airport,Sand Point,United States,SDP
Deering Airport,Deering,United States,DRG
Igiugig Airport,Igiugig,United States,IGG
New Stuyahok Airport,New Stuyahok,United States,KNW
King Cove Airport,King Cove,United States,KVC
Port Heiden Airport,Port Heiden,United States,PTH
Togiak Airport,Togiak Village,United States,TOG
Delta County Airport,Escanaba,United States,ESC
Yakutat Airport,Yakutat,United States,YAK
Williamson County Regional Airport,Marion,United States,MWA
Ford Airport,Iron Mountain,United States,IMT
Marquette Airport,Marquette,United States,\N
Allakaket Airport,Allakaket,United States,AET
Michigan City Municipal Airport,Michigan City,United States,MGC
Seward Airport,Seward,United States,SWD
Grand Marais Cook County Airport,Grand Marais,United States,GRM
Wausau Downtown Airport,Wausau,United States,AUW
Delaware County Johnson Field,Muncie,United States,MIE
Purdue University Airport,Lafayette,United States,LAF
Brown County Airport,Georgetown,United States,\N
North Las Vegas Airport,Las Vegas,United States,VGT
Kenosha Regional Airport,Kenosha,United States,ENW
Montrose Regional Airport,Montrose CO,United States,MTJ
Riverton Regional Airport,Riverton WY,United States,RIW
Eastern Oregon Regional At Pendleton Airport,Pendleton,United States,PDT
Wittman Regional Airport,Oshkosh,United States,OSH
Pangborn Memorial Airport,Wenatchee,United States,EAT
NAS Fort Worth JRB/Carswell Field,Dallas,United States,FWH
Gary Chicago International Airport,Gary,United States,GYY
Brainerd Lakes Regional Airport,Brainerd,United States,BRD
Greenbrier Valley Airport,Lewisburg,United States,LWB
Pitt Greenville Airport,Greenville,United States,PGV
Chefornak Airport,Chefornak,United States,CYF
Oxnard Airport,Oxnard,United States,OXR
Branson Airport,Branson,United States,BKG
Schenectady County Airport,Scotia NY,United States,SCH
Northeast Florida Regional Airport,St. Augustine Airport,United States,UST
Charles M. Schulz Sonoma County Airport,Santa Rosa,United States,STS
Kissimmee Gateway Airport,Kissimmee,United States,ISM
Lake City Gateway Airport,Lake City,United States,LCQ
Deland Municipal Sidney H Taylor Field,DeLand,United States,\N
Haller Airpark,Green Cove Springs,United States,\N
Logan-Cache Airport,Logan,United States,LGU
Brigham City Regional Airport,Brigham City,United States,BMC
Malad City Airport,Malad City,United States,\N
Aspen-Pitkin Co/Sardy Field,Aspen,United States,ASE
Kerrville Municipal Louis Schreiner Field,Kerrville,United States,ERV
Sussex County Airport,Georgetown,United States,GED
Great Bend Municipal Airport,Great Bend,United States,GBD
Hays Regional Airport,Hays,United States,HYS
Spirit of St Louis Airport,Null,United States,SUS
Ely Municipal Airport,Ely,United States,LYU
Grand Rapids Itasca Co-Gordon Newstrom field,Grand Rapids MN,United States,GPZ
Thief River Falls Regional Airport,Thief River Falls,United States,TVF
Eagle River Union Airport,Eagle River,United States,EGV
Lakeland-Noble F. Lee Memorial field,Minocqua - Woodruff,United States,ARV
Ankeny Regional Airport,Ankeny,United States,\N
Corpus Christi Naval Air Station/Truax Field,Corpus Christi,United States,\N
Catalina Airport,Catalina Island,United States,AVX
Mojave Airport,Mojave,United States,MHV
Hutchinson Municipal Airport,Hutchinson,United States,HUT
Rosecrans Memorial Airport,Rosecrans,United States,STJ
Volk Field,Camp Douglas,United States,VOK
Gunnison Crested Butte Regional Airport,Gunnison,United States,GUC
Zamperini Field,Torrance,United States,TOA
Manistee Co Blacker Airport,Manistee,United States,MBL
Charlotte County Airport,Punta Gorda,United States,PGD
Northern Aroostook Regional Airport,Frenchville,United States,WFK
Chautauqua County-Jamestown Airport,Jamestown,United States,JHW
Lake Cumberland Regional Airport,Somerset,United States,SME
Shenandoah Valley Regional Airport,Weyers Cave,United States,SHD
Devils Lake Regional Airport,Devils Lake,United States,DVL
Dickinson Theodore Roosevelt Regional Airport,Dickinson,United States,DIK
Sidney - Richland Regional Airport,Sidney,United States,SDY
Chadron Municipal Airport,Chadron,United States,CDR
Alliance Municipal Airport,Alliance,United States,AIA
Mc Cook Ben Nelson Regional Airport,McCook,United States,MCK
The Florida Keys Marathon Airport,Marathon,United States,MTH
Dawson Community Airport,Glendive,United States,GDV
L M Clayton Airport,Wolf Point,United States,OLF
Yellowstone Airport,West Yellowstone,United States,WYS
San Luis Valley Regional Bergman Field,Alamosa,United States,ALS
Canyonlands Field,Moab,United States,CNY
Ely Airport Yelland Field,Ely,United States,ELY
Vernal Regional Airport,Vernal,United States,VEL
Sierra Blanca Regional Airport,Ruidoso,United States,RUI
Show Low Regional Airport,Show Low,United States,SOW
McCall Municipal Airport,McCall,United States,MYL
Lemhi County Airport,Salmon,United States,SMN
Mammoth Yosemite Airport,Mammoth Lakes,United States,MMH
Friday Harbor Airport,Friday Harbor,United States,FRD
Orcas Island Airport,Eastsound,United States,ESD
Astoria Regional Airport,Astoria,United States,AST
Newport Municipal Airport,Newport,United States,ONP
Emmonak Airport,Emmonak,United States,EMK
Unalakleet Airport,Unalakleet,United States,UNK
Ugnu-Kuparuk Airport,Kuparuk,United States,UUK
Shageluk Airport,Shageluk,United States,SHX
Chuathbaluk Airport,Chuathbaluk,United States,CHU
Nuiqsut Airport,Nuiqsut,United States,NUI
Eek Airport,Eek,United States,EEK
Kasigluk Airport,Kasigluk,United States,KUK
Kwethluk Airport,Kwethluk,United States,KWT
Kwigillingok Airport,Kwigillingok,United States,KWK
Marshall Don Hunter Sr Airport,Marshall,United States,MLL
Russian Mission Airport,Russian Mission,United States,RSH
Koliganek Airport,Koliganek,United States,KGK
Manokotak Airport,Manokotak,United States,KMO
Chalkyitsik Airport,Chalkyitsik,United States,CIK
Eagle Airport,Eagle,United States,EAA
Hughes Airport,Hughes,United States,HUS
Huslia Airport,Huslia,United States,HSL
Nulato Airport,Nulato,United States,NUL
Venetie Airport,Venetie,United States,VEE
Beaver Airport,Beaver,United States,WBQ
Central Airport,Central,United States,CEM
Shungnak Airport,Shungnak,United States,SHG
Inyokern Airport,Inyokern,United States,IYK
Visalia Municipal Airport,Visalia,United States,VIS
Merced Regional Macready Field,Merced,United States,MCE
Phoenix Goodyear Airport,Goodyear,United States,GYR
Angoon Seaplane Base,Angoon,United States,AGN
Elfin Cove Seaplane Base,Elfin Cove,United States,ELV
Funter Bay Seaplane Base,Funter Bay,United States,FNR
Hoonah Airport,Hoonah,United States,HNH
Kake Airport,Kake,United States,\N
Metlakatla Seaplane Base,Metakatla,United States,MTM
Hydaburg Seaplane Base,Hydaburg,United States,HYG
Egegik Airport,Egegik,United States,EGX
Perryville Airport,Perryville,United States,KPV
Pilot Point Airport,Pilot Point,United States,PIP
South Naknek Nr 2 Airport,South Naknek,United States,WSN
Akhiok Airport,Akhiok,United States,AKK
Karluk Airport,Karluk,United States,KYK
Larsen Bay Airport,Larsen Bay,United States,KLN
Ambler Airport,Ambler,United States,ABL
Buckland Airport,Buckland,United States,BKC
Bob Baker Memorial Airport,Kiana,United States,IAN
Kobuk Airport,Kobuk,United States,OBU
Robert (Bob) Curtis Memorial Airport,Noorvik,United States,ORV
Selawik Airport,Selawik,United States,WLK
Brevig Mission Airport,Brevig Mission,United States,KTS
Elim Airport,Elim,United States,ELI
Golovin Airport,Golovin,United States,GLV
Teller Airport,Teller,United States,TLA
Wales Airport,Wales,United States,WAA
White Mountain Airport,White Mountain,United States,WMO
Koyuk Alfred Adams Airport,Koyuk,United States,KKA
St Michael Airport,St. Michael,United States,SMK
Shaktoolik Airport,Shaktoolik,United States,SKK
Tin City Long Range Radar Station Airport,Tin City,United States,TNC
Atka Airport,Atka,United States,AKB
Nikolski Air Station,Nikolski,United States,IKO
Yakataga Airport,Yakataga,United States,CYT
Alakanuk Airport,Alakanuk,United States,AUK
Kipnuk Airport,Kipnuk,United States,KPN
False Pass Airport,False Pass,United States,KFP
Nelson Lagoon Airport,Nelson Lagoon,United States,NLG
Port Moller Airport,Cold Bay,United States,PML
Klawock Airport,Klawock,United States,KLW
Quinhagak Airport,Quinhagak,United States,KWN
Kotlik Airport,Kotlik,United States,KOT
Koyukuk Airport,Koyukuk,United States,KYU
Scammon Bay Airport,Scammon Bay,United States,SCM
Nondalton Airport,Nondalton,United States,NNL
Kongiganak Airport,Kongiganak,United States,KKH
Nikolai Airport,Nikolai,United States,NIB
Akiak Airport,Akiak,United States,AKI
Wainwright Airport,Wainwright,United States,AIN
Chenega Bay Airport,Chenega,United States,NCN
Tok Junction Airport,Tok,United States,TKJ
Circle City /New/ Airport,Circle,United States,IRC
Sleetmute Airport,Sleetmute,United States,SLQ
Healy River Airport,Healy,United States,\N
Klawock Seaplane Base,Klawock,United States,\N
Minchumina Airport,Lake Minchumina,United States,LMA
Manley Hot Springs Airport,Manley Hot Springs,United States,MLY
Eastern WV Regional Airport/Shepherd Field,Martinsburg,United States,MRB
Rock Hill - York County Airport,Rock Hill,United States,RKH
Allegheny County Airport,Pittsburgh,United States,AGC
Cecil Airport,Jacksonville,United States,VQQ
Fulton County Airport Brown Field,Atlanta,United States,FTY
The Ohio State University Airport - Don Scott Field,Columbus,United States,OSU
Addison Airport,Addison,United States,ADS
Destin Executive Airport,Destin,United States,DSI
Kinston Regional Jetport At Stallings Field,Kinston,United States,ISO
First Flight Airport,Kill Devil Hills,United States,FFA
Provo Municipal Airport,Provo,United States,PVU
Steamboat Springs Bob Adams Field,Steamboat Springs,United States,SBS
Delta Municipal Airport,Delta,United States,DTA
Richfield Municipal Airport,Richfield,United States,\N
Carbon County Regional/Buck Davis Field,Price,United States,PUC
Los Alamos Airport,Los Alamos,United States,LAM
Lake Havasu City Airport,Lake Havasu City,United States,HII
Winslow Lindbergh Regional Airport,Winslow,United States,INW
Douglas Municipal Airport,Douglas,United States,DGL
Bartow Municipal Airport,Bartow,United States,BOW
Livermore Municipal Airport,Livermore,United States,LVK
Mariposa Yosemite Airport,Mariposa,United States,RMY
Jacqueline Cochran Regional Airport,Palm Springs,United States,TRM
Santa Monica Municipal Airport,Santa Monica,United States,SMO
Bermuda Dunes Airport,Palm Springs,United States,UDD
Scottsdale Airport,Scottsdale,United States,SCF
Olympia Regional Airport,Olympia,United States,OLM
Yolo County Davis Woodland Winters Airport,Davis-Woodland-Winters,United States,\N
Garfield County Regional Airport,Rifle,United States,RIL
Shively Field,SARATOGA,United States,SAA
DeKalb Peachtree Airport,Atlanta,United States,PDK
Monroe County Airport,Bloomington,United States,BMG
Witham Field,Stuart,United States,SUA
Morristown Municipal Airport,Morristown,United States,MMU
Napa County Airport,Napa,United States,APC
Brown Field Municipal Airport,San Diego,United States,SDM
Venice Municipal Airport,Venice,United States,VNC
Palm Beach County Glades Airport,Pahokee,United States,PHK
Northwest Florida Beaches International Airport,Panama City,United States,ECP
San Bernardino International Airport,San Bernardino,United States,SBD
San Carlos Airport,San Carlos,United States,SQL
Rocky Mount Wilson Regional Airport,Rocky Mount,United States,RWI
Whittier Airport,Whittier,United States,\N
Soldotna Airport,Soldotna,United States,SXQ
Gillespie Field,El Cajon,United States,SEE
San Clemente Island Naval Auxiliary Landing Field,San Clemente Island,United States,\N
Truckee Tahoe Airport,Truckee,United States,TKF
Cobb County-Mc Collum Field,Atlanta,United States,\N
Dell Flight Strip,Dell,United States,\N
Mission Field,Livingston-Montana,United States,LVM
Big Timber Airport,Big Timber,United States,\N
Tulip City Airport,Holland,United States,\N
Monument Valley Airport,Monument Valley,United States,GMV
West 30th St. Heliport,New York,United States,JRA
Lakeland Linder International Airport,Lakeland,United States,LAL
Indianola Municipal Airport,New York,United States,\N
French Valley Airport,Murrieta-Temecula,United States,RBK
Carl R Keller Field,Port Clinton,United States,\N
Dayton-Wright Brothers Airport,Dayton,United States,MGY
Richmond Municipal Airport,Richmond,United States,\N
Findlay Airport,Findley,United States,FDY
Black Hills Airport-Clyde Ice Field,Spearfish-South Dakota,United States,SPF
Olive Branch Airport,Olive Branch,United States,OLV
Rocky Mountain Metropolitan Airport,Broomfield-CO,United States,BJC
Salem Municipal Airport/McNary Field,Salem,United States,SLE
Tunica Municipal Airport,Tunica,United States,UTM
Lawrence J Timmerman Airport,Milwaukee,United States,MWC
Southern Wisconsin Regional Airport,Janesville,United States,JVL
Arlington Municipal Airport,Arlington,United States,\N
Gwinnett County Briscoe Field,Lawrenceville,United States,LZU
Bowling Green Warren County Regional Airport,Bowling Green,United States,BWG
Richard Lloyd Jones Jr Airport,Tulsa,United States,RVS
Bryce Canyon Airport,Bryce Canyon,United States,BCE
Burlington Alamance Regional Airport,Burlington,United States,\N
New Century Aircenter Airport,Olathe,United States,JCI
Easton Newnam Field,Easton,United States,ESN
Yuba County Airport,Yuba City,United States,MYV
Halliburton Field,Duncan,United States,DUC
Garner Field,Uvalde,United States,UVA
Lewis University Airport,Lockport,United States,LOT
Buchanan Field,Concord,United States,CCR
Ocean Reef Club Airport,Ocean Reef Club Airport,United States,OCA
Ohio University Snyder Field,Athens,United States,ATO
Springfield-Beckley Municipal Airport,Springfield,United States,SGH
Philip Billard Municipal Airport,Topeka,United States,TOP
Benson Airstrip,Uvalde,United States,\N
Rough River State Park Airport,Null,United States,\N
Smyrna Airport,Smyrna,United States,MQY
Franklin County Airport,Sewanee,United States,UOS
Collin County Regional At Mc Kinney Airport,DALLAS,United States,\N
Chicago Executive Airport,Chicago-Wheeling,United States,PWK
Southwest Washington Regional Airport,Kelso,United States,KLS
Wilmington Airpark,Wilmington,United States,ILN
Marana Regional Airport,Tucson,United States,AVW
Casa Grande Municipal Airport,Casa Grande,United States,CGZ
Mobile Airport,Mobile,United States,\N
Buckeye Municipal Airport,Buckeye,United States,BXK
Gila Bend Municipal Airport,Gila Bend,United States,\N
McMinn County Airport,Athens,United States,MMI
Sterling Municipal Airport,Sterling,United States,STK
Rawlins Municipal Airport/Harvey Field,Rawlins,United States,RWL
Essex County Airport,Caldwell,United States,CDW
Lee C Fine Memorial Airport,Kaiser Lake Ozark,United States,AIZ
Thomasville Regional Airport,Thomasville,United States,TVI
Henderson Executive Airport,Henderson,United States,HSH
Henry Tift Myers Airport,Tifton,United States,TMA
Phoenix Deer Valley Airport,Phoenix ,United States,DVT
Republic Airport,Farmingdale,United States,FRG
South Texas Regional Airport at Hondo,Hondo,United States,\N
McKinley National Park Airport,McKinley Park,United States,MCL
Lake Hood Airport,Anchorage,United States,\N
Prospect Creek Airport,Prospect Creek,United States,PPC
Wheeling Ohio County Airport,Wheeling,United States,HLG
Fitzgerald Municipal Airport,Fitzgerald,United States,\N
Aransas County Airport,Rockport,United States,RKP
Crisp County Cordele Airport,Cordele,United States,\N
Ormond Beach Municipal Airport,Ormond Beach,United States,\N
Portland Troutdale Airport,Troutdale,United States,TTD
Portland Hillsboro Airport,Hillsboro,United States,HIO
One Police Plaza Heliport,New York,United States,\N
Bend Municipal Airport,Bend,United States,\N
Christmas Valley Airport,Christmas Valley,United States,\N
Burns Municipal Airport,Burns,United States,BNO
Prineville Airport,Prineville,United States,PRZ
Red Bluff Municipal Airport,Red Bluff,United States,RBL
Marin County Airport - Gnoss Field,Novato,United States,NOT
Lake County Airport,Lakeview,United States,LKV
Tillamook Airport,Tillamook,United States,OTK
Ontario Municipal Airport,Ontario,United States,ONO
Columbia Gorge Regional the Dalles Municipal Airport,The Dalles,United States,DLS
Montgomery County Airpark,Gaithersburg,United States,GAI
Charlevoix Municipal Airport,Charelvoix,United States,\N
Flagler Executive Airport,Flagler,United States,\N
Morrisville Stowe State Airport,Morrisville,United States,MVL
Dallas Executive Airport,Dallas,United States,RBD
Westerly State Airport,Washington County,United States,WST
Block Island State Airport,Block Island,United States,BID
Nightmute Airport,Nightmute,United States,NME
Toksook Bay Airport,Toksook Bay,United States,OOK
Decatur County Industrial Air Park,Bainbridge,United States,BGE
Silver Springs Airport,Silver Springs,United States,\N
Whiteman Airport,Los Angeles,United States,WHP
Madera Municipal Airport,Madera,United States,MAE
Apalachicola Regional Airport,Apalachicola,United States,AAF
Douglas Municipal Airport,Douglas,United States,\N
St Lucie County International Airport,Fort Pierce,United States,FPR
Taunton Municipal King Field,Taunton,United States,\N
Plymouth Municipal Airport,Plymouth,United States,PYM
Quonset State Airport,North Kingstown,United States,NCO
Norwood Memorial Airport,Norwood,United States,OWD
Westfield-Barnes Regional Airport,Westfield,United States,BAF
Windham Airport,Willimantic,United States,\N
Orange County Airport,Montgomery,United States,MGJ
Capital City Airport,Harrisburg,United States,HAR
Marshfield Municipal George Harlow Field,Marshfield,United States,\N
Danbury Municipal Airport,Danbury,United States,DXR
Boire Field,Nashua,United States,ASH
Lawrence Municipal Airport,Lawrence,United States,LWM
Waterbury Oxford Airport,Oxford,United States,OXC
Fitchburg Municipal Airport,Fitchburg,United States,\N
Earl L. Small Jr. Field/Stockmar Airport,Villa Rica,United States,\N
Cartersville Airport,Cartersville,United States,\N
Centre-Piedmont-Cherokee County Regional Airport,Centre,United States,\N
Richard B Russell Airport,Rome,United States,RMG
Northeast Alabama Regional Airport,Gadsden,United States,GAD
Knoxville Downtown Island Airport,Knoxville,United States,\N
Barrow County Airport,Winder,United States,WDR
Plantation Airpark,Sylvania,United States,\N
Dalton Municipal Airport,Dalton,United States,DNN
West Georgia Regional O V Gray Field,Carrollton,United States,\N
LaGrange Callaway Airport,LaGrange,United States,LGC
Baldwin County Regional Airport,Milledgeville,United States,\N
Harris County Airport,Pine Mountain,United States,PIM
Peachtree City Falcon Field,Atlanta,United States,\N
Lee Gilmer Memorial Airport,Gainesville,United States,GVL
Harry Clever Field,New Philadelpha,United States,PHD
Darlington County Airport,Darlington,United States,\N
Hilton Head Airport,Hilton Head Island,United States,HHH
Daniel Field,Augusta,United States,DNL
Foothills Regional Airport,Morganton,United States,MRN
Pike County-Hatcher Field,Pikeville,United States,PVL
Mallards Landing Airport,Locust Grove,United States,\N
Toccoa Airport - R.G. Letourneau Field,Toccoa,United States,TOC
Fort Worth Alliance Airport,Fort Worth,United States,AFW
East Troy Municipal Airport,East Troy,United States,\N
Lawrence Municipal Airport,Lawrence,United States,LWC
Wellington Municipal Airport,Wellington,United States,\N
Pompano Beach Airpark,Pompano Beach,United States,PPM
Shelby County Airport,Alabaster,United States,\N
Sky Ranch At Carefree Airport,Carefree,United States,\N
Indianapolis Metropolitan Airport,Indianapolis,United States,\N
London-Corbin Airport/Magee Field,London,United States,LOZ
Simmons Army Air Field,Fredericksburg,United States,FBG
John H Batten Airport,Racine,United States,RAC
Redlands Municipal Airport,Redlands,United States,\N
Flabob Airport,Riverside,United States,\N
Tacoma Narrows Airport,Tacoma,United States,TIW
Jack Edwards Airport,Gulf Shores,United States,GUF
Hazleton Municipal Airport,Hazleton,United States,HZL
Greater Cumberland Regional Airport,Cumberland,United States,CBE
Sugar Loaf Shores Airport,Key West,United States,\N
Tri-County Regional Airport,Lone Rock,United States,LNR
Price County Airport,Phillips,United States,\N
Monroe Municipal Airport,Monroe,United States,\N
Joliet Regional Airport,Joliet,United States,JOT
Illinois Valley Regional Airport-Walter A Duncan Field,Peru,United States,VYS
Jackson County Reynolds Field,Jackson,United States,JXN
Joseph A. Hardy Connellsville Airport,Connellsville,United States,\N
Bedford County Airport,Bedford,United States,\N
Wings Field,Philadelphia,United States,BBX
Okeechobee County Airport,Okeechobee,United States,OBE
Sebring Regional Airport,Sebring,United States,SEF
Avon Park Executive Airport,Avon Park,United States,AVO
Winter Haven Regional Airport - Gilbert Field,Winter Haven,United States,GIF
Zephyrhills Municipal Airport,Zephyrhills,United States,ZPH
Ocala International Airport - Jim Taylor Field,Ocala,United States,OCF
Jesup Wayne County Airport,Jesup,United States,\N
Madison Municipal Airport,Madison,United States,\N
Newnan Coweta County Airport,Newnan,United States,\N
Thomson-McDuffie County Airport,Thomson,United States,\N
Aiken Regional Airport,Aiken,United States,AIK
Woodward Field,Camden,United States,CDN
Lumberton Regional Airport,Lumberton,United States,LBT
Moore County Airport,Pinehurst-Southern Pines,United States,SOP
Richmond County Airport,Rockingham,United States,\N
Baraboo Wisconsin Dells Airport,Baraboo,United States,\N
Statesville Regional Airport,Statesville,United States,SVH
Burlington Municipal Airport,Burlington,United States,\N
William T. Piper Memorial Airport,Lock Haven,United States,LHV
Zelienople Municipal Airport,Zelienople,United States,\N
Lorain County Regional Airport,Lorain-Elyria,United States,\N
Burke Lakefront Airport,Cleveland,United States,BKL
Chautauqua County-Dunkirk Airport,Dunkirk,United States,DKK
South Jersey Regional Airport,Mount Holly,United States,LLY
Linden Airport,Linden,United States,LDJ
Tri State Steuben County Airport,Angola,United States,ANQ
Warsaw Municipal Airport,Warsaw,United States,\N
Van Wert County Airport,Van Wert,United States,\N
Brooks Field,Marshall,United States,\N
Genesee County Airport,Batavia,United States,\N
Clearwater Air Park,Clearwater,United States,CLW
Chicago Meigs Airport,Chicago,United States,CGX
Pickens County Airport,Jasper,United States,\N
Grand Strand Airport,North Myrtle Beach,United States,CRE
Lansing Municipal Airport,Lansing,United States,\N
Ramona Airport,Ramona,United States,\N
Branch County Memorial Airport,Coldwater,United States,\N
Wilkes Barre Wyoming Valley Airport,Wilkes-Barre,United States,WBW
Willoughby Lost Nation Municipal Airport,Willoughby,United States,LNN
Capital City Airport,Frankfort,United States,FFT
Auburn Lewiston Municipal Airport,Lewiston,United States,LEW
Bloyer Field,Tomah,United States,\N
Marco Island Executive Airport,Marco Island Airport,United States,MRK
Drummond Island Airport,Drummond Island,United States,DRE
Gladwin Zettel Memorial Airport,Gladwin,United States,GDW
South Haven Area Regional Airport,South Haven,United States,\N
Marshfield Municipal Airport,Marshfield,United States,MFI
Alexander Field South Wood County Airport,Wisconsin Rapids,United States,ISW
Clinton Municipal Airport,Clinton,United States,CWI
Beverly Municipal Airport,Beverly,United States,BVY
Poplar Bluff Municipal Airport,Poplar Bluff,United States,POF
Somerset Airport,Somerville,United States,\N
Eastport Municipal Airport,Eastport,United States,\N
Keokuk Municipal Airport,Keokuk,United States,EOK
St Paul Downtown Holman Field,St. Paul,United States,STP
Oconomowoc Airport,Oconomowoc,United States,\N
Butler Co Regional Airport - Hogan Field,Hamilton,United States,HAO
Fond du Lac County Airport,Fond du Lac,United States,FLD
Waupaca Municipal Airport,Waupaca,United States,\N
Stevens Point Municipal Airport,Stevens Point,United States,STE
Luce County Airport,Newberry,United States,\N
Galion Municipal Airport,Galion,United States,GQQ
Clarksville–Montgomery County Regional Airport,Clarksville,United States,CKV
Lompoc Airport,Lompoc,United States,LPC
Chester County G O Carlson Airport,Coatesville,United States,CTH
Lake Placid Airport,Lake Placid,United States,LKP
Lima Allen County Airport,Lima,United States,AOH
Malcolm McKinnon Airport,Brunswick,United States,SSI
Beaver County Airport,Beaver Falls,United States,BFP
Georgetown County Airport,Georgetown,United States,GGE
Hardwick Field,Cleveland,United States,HDI
Renton Municipal Airport,Renton,United States,RNT
Brackett Field,La Verne,United States,POC
Cross City Airport,Cross City,United States,CTY
Oconee County Regional Airport,Clemson,United States,CEU
Beech Factory Airport,Wichita,United States,BEC
Tom B. David Field,Calhoun,United States,\N
Habersham County Airport,Cornelia,United States,\N
Georgetown Municipal Airport,Georgetown,United States,\N
Old Rhinebeck Airport,Rhinebeck,United States,\N
Sidney Municipal-Lloyd W Carr Field,Sidney,United States,SNY
Kalaeloa Airport,Kapolei,United States,JRF
Iosco County Airport,East Tawas,United States,ECA
Madison County Executive Airport-Tom Sharp Jr Field,Huntsville,United States,\N
Leesburg Executive Airport,Leesburg,United States,\N
Anoka County-Blaine (Janes Field) Airport,Anoka,United States,\N
Williamson Sodus Airport,Williamson,United States,\N
Boulder Municipal Airport,Boulder,United States,WBU
Palo Alto Airport of Santa Clara County,Palo Alto,United States,PAO
Falcon Field,Mesa,United States,MSC
Coolidge Municipal Airport,Cooldige,United States,\N
Cottonwood Airport,Cottonwood,United States,\N
Ak-Chin Regional Airport,Phoenix,United States,\N
Wickenburg Municipal Airport,Wickenburg,United States,\N
Oakland County International Airport,Pontiac,United States,PTK
Dillant Hopkins Airport,Keene,United States,EEN
Glasgow Industrial Airport,Glasgow,United States,\N
Iowa City Municipal Airport,Iowa City,United States,IOW
Windom Municipal Airport,Windom,United States,\N
Longview Ranch Airport,Longview,United States,\N
Lee Airport,Annapolis,United States,ANP
Pecos Municipal Airport,Pecos,United States,PEQ
Hattiesburg Bobby L Chain Municipal Airport,Hattiesburg,United States,HBG
Chan Gurney Municipal Airport,Yankton,United States,YKN
Hayward Executive Airport,Hayward,United States,HWD
Ann Arbor Municipal Airport,Ann Arbor,United States,ARB
Henry County Airport,Hampton,United States,\N
Alameda Naval Air Station,Alameda,United States,NGZ
Comarapa Airport,Salt Lake City,United States,\N
Immokalee Regional Airport,Immokalee ,United States,IMM
Rancho San Simeon Airport,Cambria,United States,\N
Dinwiddie County Airport,Petersburg,United States,PTB
Sheboygan County Memorial Airport,Sheboygan,United States,SBM
Pinal Airpark,Marana,United States,MZJ
Glendale Municipal Airport,Glendale,United States,\N
Safford Regional Airport,Safford,United States,SAD
Sikeston Memorial Municipal Airport,Sikeston,United States,SIK
Floyd Bennett Memorial Airport,Queensbury,United States,GFL
Saratoga County Airport,Ballston Spa,United States,\N
Crystal River Airport,Crystal River,United States,\N
Martin State Airport,Baltimore,United States,MTN
Lincoln Regional Karl Harder Field,Lincoln,United States,\N
Fostoria Metropolitan Airport,Fostoria,United States,\N
Eastern Slopes Regional Airport,Fryeburg,United States,FRY
Coral Creek Airport,Placida,United States,\N
Lakefront Airport,New Orleans,United States,NEW
Coeur D'Alene - Pappy Boyington Field,Coeur d'Alene,United States,COE
Beaumont Municipal Airport,Beaumont,United States,BMT
Vermilion Regional Airport,Danville,United States,DNV
Space Coast Regional Airport,Titusville,United States,TIX
Andrau Airpark,Houston,United States,AAP
Flying Cloud Airport,Eden Prairie,United States,FCM
Johnson County Executive Airport,Olathe,United States,OJC
Brandywine Airport,West Goshen Township,United States,\N
Manassas Regional Airport/Harry P. Davis Field,Manassas,United States,MNZ
Texas Gulf Coast Regional Airport,Angleton,United States,LJN
Shelby County Airport,Shelbyville,United States,\N
Enumclaw Airport,Enumclaw,United States,\N
Port Alsworth Airport,Port alsworth,United States,PTA
Fairfield County Airport,Winnsboro,United States,\N
Skyhaven Airport,Rochester,United States,\N
Newton City-County Airport,Newton,United States,EWK
Taszár Air Base,Columbus,United States,TZR
Fort Bridger Airport,Fort Bridger,United States,FBR
Prosser Airport,Prosser,United States,\N
Chehalis Centralia Airport,Chehalis,United States,CLS
Desert Aire Regional Airport,Mattawa,United States,\N
Evanston-Uinta County Airport-Burns Field,Evanston,United States,EVW
Sabetha Municipal Airport,Sabetha,United States,\N
Mt Pleasant Regional-Faison field,Mount Pleasant,United States,\N
Jimmy Carter Regional Airport,Americus,United States,\N
Weedon Field,Eufala,United States,EUF
Saluda County Airport,Saluda,United States,\N
Dare County Regional Airport,Manteo,United States,MEO
Auburn University Regional Airport,Auburn,United States,AUO
Tri Cities Airport,Endicott,United States,\N
Bessemer Airport,Bessemer,United States,\N
Colorado Springs East Airport,Ellicott,United States,\N
Crystal Airport,Crystal,United States,\N
Clarke County Airport,Quitman,United States,\N
W H 'Bud' Barron Airport,Dublin,United States,DBN
Corvallis Municipal Airport,Corvallis,United States,CVO
El Almendro Airport,Scranton,United States,\N
San Agustin Airport,Morristown,United States,\N
Ogden Hinckley Airport,Ogden,United States,OGD
Robert S Kerr Airport,Poteau,United States,\N
Colorado Plains Regional Airport,Akron,United States,AKO
Sanderson Field,Shelton,United States,SHN
Napakiak Airport,Napakiak,United States,WNA
Napaskiak Airport,Napaskiak,United States,PKA
Tok Airport,Tok,United States,\N
Causey Airport,Liberty,United States,\N
Doylestown Airport,Doylestown,United States,DYL
Warren Field,Washington,United States,OCW
Hyde County Airport,Engelhard,United States,\N
Stillwater Regional Airport,Stillwater,United States,SWO
Okmulgee Regional Airport,Okmulgee,United States,OKM
Cushing Municipal Airport,Cushing,United States,CUH
Clinton Sherman Airport,Clinton,United States,CSM
Strother Field,Winfield,United States,WLD
Wiley Post Airport,Oklahoma City,United States,PWA
Shreveport Downtown Airport,Shreveport,United States,DTN
Stephenville Clark Regional Airport,Stephenville,United States,SEP
Perry Municipal Airport,Perry,United States,\N
Hamilton Municipal Airport,Hamilton,United States,\N
Ada Regional Airport,Ada,United States,ADT
Mesquite Metro Airport,Misquite,United States,\N
Denton Municipal Airport,Denton,United States,\N
Austin Executive Airport,Austin,United States,\N
Lago Vista Tx Rusty Allen Airport,Lago Vista,United States,\N
Brenham Municipal Airport,Brenham,United States,\N
Lakeway Airpark,Lakeway,United States,\N
Iraan Municipal Airport,Iraan,United States,IRB
Kestrel Airpark,San Antonio,United States,\N
Wilkes County Airport,North Wilkesboro,United States,IKB
Charleston Executive Airport,Charleston,United States,\N
Danville Regional Airport,Danville,United States,DAN
Brookneal/Campbell County Airport,Brookneal,United States,\N
Cheraw Municipal Airport/Lynch Bellinger Field,Cheraw,United States,HCW
Wauchula Municipal Airport,Wuchula,United States,\N
Conway Horry County Airport,Conway,United States,\N
Asheboro Regional Airport,Asheboro,United States,\N
Henderson Field,Wallace,United States,\N
Emporia Greensville Regional Airport,Emporia,United States,\N
San Gabriel Valley Airport,El Monte,United States,EMT
Kee Field,Pineville,United States,\N
Stinson Municipal Airport,Stinson,United States,SSF
Sallisaw Municipal Airport,Sallisaw,United States,\N
Jasper County Airport-Bell Field,Jasper,United States,JAS
El Dorado Springs Memorial Airport,El dorado springs,United States,\N
Marfa Municipal Airport,Marfa,United States,MRF
Alpine Casparis Municipal Airport,Alpine,United States,ALE
Cable Airport,Upland,United States,CCB
Mount Sterling Montgomery County Airport,Mount Sterling,United States,\N
Elkhart Municipal Airport,Elkhart,United States,EKI
Nappanee Municipal Airport,Nappanee ,United States,\N
Jim Hamilton L.B. Owens Airport,Columbia,United States,CUB
Grove Municipal Airport,Grove,United States,\N
Mc Pherson Airport,Mc Pherson,United States,\N
Donaldson Field Airport,Greenville,United States,GDC
Perry Houston County Airport,Perry,United States,\N
Hartsville Regional Airport,Hartsville,United States,HVS
Horace Williams Airport,Chapel Hill,United States,\N
Brunswick County Airport,Oak Island,United States,\N
Chesterfield County Airport,Richmond,United States,\N
Henderson Oxford Airport,Oxford,United States,\N
Leesburg International Airport,Leesburg,United States,LEE
Chino Airport,Chino,United States,CNO
Madison County Airport,London,United States,\N
Paso Robles Municipal Airport,Paso Robles,United States,PRB
Half Moon Bay Airport,Half Moon Bay,United States,HAF
General WM J Fox Airfield,Lancaster,United States,WJF
Person County Airport,Roxboro,United States,\N
Talladega Municipal Airport,Talladega,United States,ASN
Greenville Downtown Airport,Greenville,United States,GMU
Mankato Regional Airport,Mankato,United States,\N
Troy Municipal Airport at N Kenneth Campbell Field,Troy,United States,TOI
Merkel Field Sylacauga Municipal Airport,Sylacauga,United States,\N
Enterprise Municipal Airport,Enterprise,United States,ETS
Ryan Field,Tucson,United States,\N
Thomas C Russell Field,Alexander City,United States,ALX
Meriden Markham Municipal Airport,Meriden,United States,\N
Ridgely Airpark,Ridgely,United States,\N
New Castle Henry Co. Municipal Airport,New Castle,United States,\N
Scott City Municipal Airport,Scott City,United States,\N
Brewster Field,Holdredge,United States,HDE
Pratt Regional Airport,Pratt,United States,PTT
Wahoo Municipal Airport,Wahoo,United States,\N
Jim Kelly Field,Lexington,United States,LXN
Sublette Municipal Airport,Sublette,United States,\N
Council Bluffs Municipal Airport,Council Bluffs,United States,CBF
Kokomo Municipal Airport,Kokomo,United States,OKK
Neodesha Municipal Airport,Neodesha,United States,\N
King Ranch Airport,Sutton,United States,\N
Elkhart Morton County Airport,Elkhart,United States,\N
Front Range Airport,Denver,United States,\N
Galesburg Municipal Airport,Galesburg,United States,GBG
Guymon Municipal Airport,Guymon,United States,GUY
Meade Municipal Airport,Meade,United States,\N
Turkey Mountain Estates Airport,Shell Knob,United States,\N
Ulysses Airport,Ulysses,United States,\N
Flagler Aerial Spraying Inc Airport,Flagler,United States,\N
Independence Municipal Airport,Independence,United States,IDP
Augusta Municipal Airport,Augusta,United States,\N
Larned Pawnee County Airport,Larned,United States,\N
Lampasas Airport,Lampasas,United States,\N
Bay City Municipal Airport,Bay City,United States,BBC
Cox Field,Paris,United States,PRX
Coffeyville Municipal Airport,Coffeyville,United States,CFV
The Farm Airport,Summit,United States,\N
Greeley–Weld County Airport,Greeley,United States,GXY
General Dewitt Spain Airport,Memphis,United States,\N
Oryol Yuzhny Airport,Oakley,United States,OEL
Fremont Municipal Airport,Fremont,United States,FET
La Grande/Union County Airport,La Grande,United States,LGD
Pocono Mountains Municipal Airport,Mount Pocono,United States,MPO
Quakertown Airport,Quakertown,United States,UKT
Banning Municipal Airport,Banning,United States,BNG
Karl Stefan Memorial Airport,Norfolk  Nebraska,United States,OFK
Arlington Municipal Airport,Arlington,United States,\N
Peter O Knight Airport,Tampa,United States,TPF
Montauk Airport,Montauk,United States,MTP
Porter County Municipal Airport,Valparaiso IN,United States,VPZ
Mason County Airport,Ludington,United States,LDM
Reid-Hillview Airport of Santa Clara County,San Jose,United States,RHV
Camarillo Airport,Camarillo - CA,United States,\N
Watsonville Municipal Airport,Watsonville,United States,WVI
Hollister Municipal Airport,Hollister,United States,HLI
Williamsburg Jamestown Airport,Williamsburg,United States,\N
Union County Airport,Marysville,United States,\N
St Louis Regional Airport,Alton/St Louis,United States,ALN
Chandler Field,Alexandria,United States,AXN
Columbus Municipal Airport,Columbus,United States,CLU
Curtis Field,Brady,United States,BBD
Eastern Sierra Regional Airport,Bishop,United States,BIH
Baker City Municipal Airport,Baker City,United States,BKE
Miley Memorial Field,Big Piney,United States,BPI
Ozark Regional Airport,Mountain Home,United States,WMH
W K Kellogg Airport,Battle Creek,United States,BTL
Burley Municipal Airport,Burley,United States,BYI
Northeast Iowa Regional Airport,Charles City,United States,CCY
Chanute Martin Johnson Airport,Chanute,United States,CNU
Jacksonville Executive at Craig Airport,Jacksonville,United States,CRG
Crossville Memorial Whitson Field,Crossville,United States,CSV
Davison Army Air Field,Fort Belvoir,United States,DAA
Barstow Daggett Airport,Daggett,United States,DAG
Deming Municipal Airport,Deming,United States,DMN
Desert Rock Airport,Mercury,United States,DRA
Needles Airport,Needles,United States,EED
Duke Field,Crestview,United States,EGI
Murray Field,Eureka,United States,EKA
San Marcos Regional Airport,San Marcos,United States,\N
Sawyer County Airport,Hayward,United States,HYR
Kimble County Airport,Junction,United States,JCT
Monticello Municipal Ellis Field,Monticello,United States,\N
Derby Field,Lovelock,United States,LOL
Mobridge Municipal Airport,Mobridge,United States,MBG
Mc Comb/Pike County Airport/John E Lewis Field,Mc Comb,United States,MCB
Southern Illinois Airport,Carbondale/Murphysboro,United States,MDH
Mc Entire Joint National Guard Base,Eastover,United States,MMT
Brunswick Executive Airport,Brunswick,United States,NHZ
Naval Station Mayport (Admiral David L. Mcdonald Field),Mayport,United States,NRB
Orangeburg Municipal Airport,Orangeburg,United States,OGB
Columbus Municipal Airport,Columbus,United States,\N
Ottumwa Regional Airport,Ottumwa,United States,OTM
Cairns AAF (Fort Rucker) Air Field,Fort Rucker/Ozark,United States,OZR
Ralph Wenz Field,Pinedale,United States,PWY
Dutchess County Airport,Poughkeepsie,United States,POU
New Richmond Regional Airport,New Richmond,United States,\N
Russell Municipal Airport,Russell,United States,RSL
Redwood Falls Municipal Airport,Redwood Falls,United States,RWF
Salinas Municipal Airport,Salinas,United States,SNS
Sonora Municipal Airport,Sonora,United States,\N
Saline County Regional Airport,Benton,United States,\N
Tonopah Airport,Tonopah,United States,TPH
Aurora State Airport,Aurora,United States,\N
Ukiah Municipal Airport,Ukiah,United States,UKI
University Oxford Airport,Oxford,United States,UOX
Huntsville Regional Airport,Huntsville,United States,HTV
Miller Field,Valentine,United States,VTN
Winnemucca Municipal Airport,Winnemucca,United States,WMC
West Woodward Airport,Woodward,United States,WWR
Cape Canaveral AFS Skid Strip,Cocoa Beach,United States,\N
Homey (Area 51) Airport,Groom Lake,United States,\N
Zanesville Municipal Airport,Zanesville,United States,ZZV
Nenana Municipal Airport,Nenana,United States,ENN
Wasilla Airport,Wasilla,United States,WWA
Tracy Municipal Airport,Tracy,United States,\N
Bolton Field,Columbus,United States,\N
Skagit Regional Airport,Skagit,United States,MVW
Marion County Brown Field,Jasper,United States,APT
Evergreen Regional Airport/Middleton Field,Evergreen,United States,\N
Pryor Field Regional Airport,Decatur,United States,DCU
Glasgow Municipal Airport,Glasgow,United States,GLW
Danielson Airport,Danielson,United States,\N
Clearfield Lawrence Airport,Clearfield,United States,\N
Jasper County Airport,Rensselaer,United States,RNZ
Statesboro Bulloch County Airport,Statesboro,United States,TBR
New Smyrna Beach Municipal Airport,New Smyrna Beach,United States,\N
Las Vegas Helicopters Heliport,Las vegas,United States,\N
Iowa County Airport,MINERAL POINT,United States,\N
West Bend Municipal Airport,WEST BEND,United States,ETB
Gaylord Regional Airport,GAYLORD,United States,GLR
Anderson Municipal Darlington Field,ANDERSON,United States,AID
Prairie Du Chien Municipal Airport,Prairie du Chien,United States,PCD
Air Orlando Heliport,Orlando,United States,\N
Stanly County Airport,Albemarle,United States,\N
Davidson County Airport,Lexington,United States,\N
Windwood Fly-In Resort Airport,Davis,United States,\N
Lathan Strip,Mocksville,United States,\N
Double Eagle II Airport,Albuquerque,United States,\N
Socorro Municipal Airport,Socorro,United States,\N
Bentonville Municipal-Louise M Thaden Field,Bentonville,United States,\N
Blue Ridge Airport,Martinsville,United States,\N
Mount Airy Surry County Airport,Mount Airy,United States,\N
Taos Regional Airport,Taos,United States,TSM
Raton Municipal-Crews Field,Raton,United States,RTN
Rusk County Airport,Ladysmith,United States,\N
Perry Lefors Field,Pampa,United States,PPA
William R. Pogue Municipal Airport,Sand Springs,United States,\N
Marion County Regional Airport,Flippin,United States,FLP
Hutchinson County Airport,Borger,United States,BGD
Santa Ynez Airport,Santa Ynez,United States,SQA
Spartanburg Downtown Memorial Airport,Spartangurg,United States,SPA
Tri-City Airport,Parsons,United States,PPF
Waycross Ware County Airport,Waycross,United States,AYS
Mid-State Regional Airport,Philipsburg,United States,\N
Greater Portsmouth Regional Airport,Portsmouth,United States,PMH
Camilla Mitchell County Airport,Camilla,United States,\N
Clarks Point Airport,Clarks Point,United States,CLP
Sandpoint Airport,Sandpoint,United States,\N
Oakland Troy Airport,Troy,United States,\N
Red Dog Airport,Red Dog,United States,RDB
Frankfort Dow Memorial Field,Frankfort,United States,\N
Cheboygan County Airport,Cheboygan,United States,\N
John C Tune Airport,Nashville,United States,\N
Denali Airport,McKinley Park,United States,\N
Potomac Airpark,Berkeley Springs,United States,\N
Stennis International Airport,Bay St. Louis,United States,\N
Seldovia Airport,Seldovia,United States,SOV
Julian Carroll Airport,Jackson,United States,\N
Beaufort MCAS - Merritt Field,Beaufort,United States,\N
Camp Pendleton MCAS (Munn Field) Airport,Oceanside,United States,\N
Vidalia Regional Airport,Vidalia,United States,VDI
Granbury Regional Airport,Granbury,United States,\N
Oswego County Airport,Fulton,United States,\N
Mitchell Municipal Airport,Mitchell,United States,MHE